"Ticket Number","Account Name","Category","Severity"
"5377-11932973","Micron Technology Inc","S - PER - New Map","Sev 2"
"5377-12002687","CEVA Logistics US, Inc.","S - PER - New Map","Sev 4"
"5377-12002687","CEVA Logistics US, Inc.","S - PER - New Map","Sev 4"
"5377-12002687","CEVA Logistics US, Inc.","S - PER - New Map","Sev 4"
"5377-12002687","CEVA Logistics US, Inc.","S - PER - New Map","Sev 4"
"5377-12135551","Elkay Manufacturing Company Inc","S - PER - New Map","Sev 4"
"5377-12135572","Elkay Manufacturing Company Inc","S - PER - New Map","Sev 4"
"5377-12135572","Elkay Manufacturing Company Inc","S - PER - New Map","Sev 4"
"5377-12135572","Elkay Manufacturing Company Inc","S - PER - New Map","Sev 4"
"5377-12135572","Elkay Manufacturing Company Inc","S - PER - New Map","Sev 4"
"5377-12135572","Elkay Manufacturing Company Inc","S - PER - New Map","Sev 4"
"5377-12424103","ArvinMeritor Inc (MI)","S - PER - New Map","Sev 2"
"5377-12424103","ArvinMeritor Inc (MI)","S - PER - New Map","Sev 2"
"5377-12424103","ArvinMeritor Inc (MI)","S - PER - New Map","Sev 2"
"5377-12424103","ArvinMeritor Inc (MI)","S - PER - New Map","Sev 2"
"5377-12424152","ArvinMeritor Inc (MI)","S - PER - New Map","Sev 2"
"5377-12424152","ArvinMeritor Inc (MI)","S - PER - New Map","Sev 2"
"5377-12424152","ArvinMeritor Inc (MI)","S - PER - New Map","Sev 2"
"5377-12424152","ArvinMeritor Inc (MI)","S - PER - New Map","Sev 2"
"5377-12602041","TimkenSteel Corp","S - PER - New Map","Sev 4"
"5377-12602041","TimkenSteel Corp","S - PER - New Map","Sev 4"
"5377-12712186","Master Lock Company","S - PER - New Map","Sev 2"
"5377-12712186","Master Lock Company","S - PER - New Map","Sev 2"
"5377-12712186","Master Lock Company","S - PER - New Map","Sev 2"
"5377-12712186","Master Lock Company","S - PER - New Map","Sev 2"
"5377-12712186","Master Lock Company","S - PER - New Map","Sev 2"
"5377-12712186","Master Lock Company","S - PER - New Map","Sev 2"
"5377-12712186","Master Lock Company","S - PER - New Map","Sev 2"
"5377-12712186","Master Lock Company","S - PER - New Map","Sev 2"
"5377-12712186","Master Lock Company","S - PER - New Map","Sev 2"
"5377-12712186","Master Lock Company","S - PER - New Map","Sev 2"
"5377-12945159","Corning Inc.","S - PER - New Map","Sev 2"
"5377-12966769","CEVA Logistics US, Inc.","S - PER - New Map","Sev 3"
"5377-12966769","CEVA Logistics US, Inc.","S - PER - New Map","Sev 3"
"5377-12966769","CEVA Logistics US, Inc.","S - PER - New Map","Sev 3"
"5377-12966769","CEVA Logistics US, Inc.","S - PER - New Map","Sev 3"
"5377-12966769","CEVA Logistics US, Inc.","S - PER - New Map","Sev 3"
"5377-12991812","Wabco Inc","S - Map Change","Sev 3"
"5377-13001144","CEVA Logistics US, Inc.","S - PER - New Map","Sev 2"
"5377-13001427","Millipore EMD","S - PER - New Map","Sev 4"
"5377-13001427","Millipore EMD","S - PER - New Map","Sev 4"
"5377-13001427","Millipore EMD","S - PER - New Map","Sev 4"
"5377-13001427","Millipore EMD","S - PER - New Map","Sev 4"
"5377-13001427","Millipore EMD","S - PER - New Map","Sev 4"
"5377-13096410","Animal Supply Company","S - PER - New Map","Sev 3"
"5377-13107131","CEVA Logistics US, Inc.","S - Map Research","Sev 3"
"5377-13107131","CEVA Logistics US, Inc.","S - Map Research","Sev 3"
"5377-13107131","CEVA Logistics US, Inc.","S - Map Research","Sev 3"
"5377-13107131","CEVA Logistics US, Inc.","S - Map Research","Sev 3"
"5377-13129679","Micron Technology Inc","S - PER - Map Change","Sev 3"
"5377-13129679","Micron Technology Inc","S - PER - Map Change","Sev 3"
"5377-13129679","Micron Technology Inc","S - PER - Map Change","Sev 3"
"5377-13129679","Micron Technology Inc","S - PER - Map Change","Sev 3"
"5377-13129679","Micron Technology Inc","S - PER - Map Change","Sev 3"
"5377-13129679","Micron Technology Inc","S - PER - Map Change","Sev 3"
"5377-13129679","Micron Technology Inc","S - PER - Map Change","Sev 3"
"5377-13129679","Micron Technology Inc","S - PER - Map Change","Sev 3"
"5377-13129679","Micron Technology Inc","S - PER - Map Change","Sev 3"
"5377-13152511","ALLIED ELECTRONICS, INC","S - PER - Map Change","Sev 4"
"5377-13152511","ALLIED ELECTRONICS, INC","S - PER - Map Change","Sev 4"
"5377-13164494","CEVA Logistics US, Inc.","S - PER - New Map","Sev 3"
"5377-13164494","CEVA Logistics US, Inc.","S - PER - New Map","Sev 3"
"5377-13164494","CEVA Logistics US, Inc.","S - PER - New Map","Sev 3"
"5377-13164494","CEVA Logistics US, Inc.","S - PER - New Map","Sev 3"
"5377-13179892","Andersen Corporation","S - Map Research","Sev 3"
"5377-13179892","Andersen Corporation","S - Map Research","Sev 3"
"5377-13213313","Brightstar US, Inc.","S - Map Change","Sev 2"
"5377-13213313","Brightstar US, Inc.","S - Map Change","Sev 2"
"5377-13213313","Brightstar US, Inc.","S - Map Change","Sev 2"
"5377-13213313","Brightstar US, Inc.","S - Map Change","Sev 2"
"5377-13232793","CEVA Logistics US, Inc.","S - PER - New Map","Sev 4"
"5377-13232793","CEVA Logistics US, Inc.","S - PER - New Map","Sev 4"
"5377-13232793","CEVA Logistics US, Inc.","S - PER - New Map","Sev 4"
"5377-13232793","CEVA Logistics US, Inc.","S - PER - New Map","Sev 4"
"5377-13235782","Sigma-Aldrich Corporation","S - Map Change","Sev 3"
"5377-13240214","Lindt & Sprungli (International) AG","S - PER - New Map","Sev 4"
"5377-13240214","Lindt & Sprungli (International) AG","S - PER - New Map","Sev 4"
"5377-13240214","Lindt & Sprungli (International) AG","S - PER - New Map","Sev 4"
"5377-13265056","Mueller Sports Medicine Inc","S - PER - New Map","Sev 2"
"5377-13265056","Mueller Sports Medicine Inc","S - PER - New Map","Sev 2"
"5377-13265056","Mueller Sports Medicine Inc","S - PER - New Map","Sev 2"
"5377-13265056","Mueller Sports Medicine Inc","S - PER - New Map","Sev 2"
"5377-13265056","Mueller Sports Medicine Inc","S - PER - New Map","Sev 2"
"5377-13265056","Mueller Sports Medicine Inc","S - PER - New Map","Sev 2"
"5377-13265056","Mueller Sports Medicine Inc","S - PER - New Map","Sev 2"
"5377-13265056","Mueller Sports Medicine Inc","S - PER - New Map","Sev 2"
"5377-13265085","Mueller Sports Medicine Inc","S - PER - New Map","Sev 2"
"5377-13265085","Mueller Sports Medicine Inc","S - PER - New Map","Sev 2"
"5377-13265085","Mueller Sports Medicine Inc","S - PER - New Map","Sev 2"
"5377-13265085","Mueller Sports Medicine Inc","S - PER - New Map","Sev 2"
"5377-13267624","CEVA Logistics US, Inc.","S - PER - New Map","Sev 4"
"5377-13267624","CEVA Logistics US, Inc.","S - PER - New Map","Sev 4"
"5377-13267624","CEVA Logistics US, Inc.","S - PER - New Map","Sev 4"
"5377-13267624","CEVA Logistics US, Inc.","S - PER - New Map","Sev 4"
"5377-13275814","CEVA Logistics US, Inc.","S - PER - New Map","Sev 2"
"5377-13275814","CEVA Logistics US, Inc.","S - PER - New Map","Sev 2"
"5377-13275814","CEVA Logistics US, Inc.","S - PER - New Map","Sev 2"
"5377-13284242","Toshiba Global Commerce Solutions Inc.","S - Map Change","Sev 2"
"5377-13284242","Toshiba Global Commerce Solutions Inc.","S - Map Change","Sev 2"
"5377-13284242","Toshiba Global Commerce Solutions Inc.","S - Map Change","Sev 2"
"5377-13284242","Toshiba Global Commerce Solutions Inc.","S - Map Change","Sev 2"
"5377-13306688","Perdue Farms Incorporated","S - PER - New Map","Sev 4"
"5377-13306688","Perdue Farms Incorporated","S - PER - New Map","Sev 4"
"5377-13306688","Perdue Farms Incorporated","S - PER - New Map","Sev 4"
"5377-13306688","Perdue Farms Incorporated","S - PER - New Map","Sev 4"
"5377-13322444","CEVA Logistics US, Inc.","S - PER - New Map","Sev 2"
"5377-13322444","CEVA Logistics US, Inc.","S - PER - New Map","Sev 2"
"5377-13322444","CEVA Logistics US, Inc.","S - PER - New Map","Sev 2"
"5377-13322444","CEVA Logistics US, Inc.","S - PER - New Map","Sev 2"
"5377-13332845","Kraft Foods, Inc.+4970542","S - PER - New Map","Sev 4"
"5377-13334959","Emilia Personal Care, Inc.","S - PER - New Map","Sev 4"
"5377-13334959","Emilia Personal Care, Inc.","S - PER - New Map","Sev 4"
"5377-13334959","Emilia Personal Care, Inc.","S - PER - New Map","Sev 4"
"5377-13335296","Emilia Personal Care, Inc.","S - PER - New Map","Sev 4"
"5377-13342740","Micron Technology Inc","S - PER - New Map","Sev 2"
"5377-13342740","Micron Technology Inc","S - PER - New Map","Sev 2"
"5377-13342740","Micron Technology Inc","S - PER - New Map","Sev 2"
"5377-13342740","Micron Technology Inc","S - PER - New Map","Sev 2"
"5377-13342740","Micron Technology Inc","S - PER - New Map","Sev 2"
"5377-13342740","Micron Technology Inc","S - PER - New Map","Sev 2"
"5377-13342740","Micron Technology Inc","S - PER - New Map","Sev 2"
"5377-13342740","Micron Technology Inc","S - PER - New Map","Sev 2"
"5377-13342740","Micron Technology Inc","S - PER - New Map","Sev 2"
"5377-13342740","Micron Technology Inc","S - PER - New Map","Sev 2"
"5377-13342755","Micron Technology Inc","S - PER - New Map","Sev 4"
"5377-13342755","Micron Technology Inc","S - PER - New Map","Sev 4"
"5377-13342755","Micron Technology Inc","S - PER - New Map","Sev 4"
"5377-13344130","CEVA Logistics US, Inc.","S - PER - New Map","Sev 4"
"5377-13344130","CEVA Logistics US, Inc.","S - PER - New Map","Sev 4"
"5377-13344130","CEVA Logistics US, Inc.","S - PER - New Map","Sev 4"
"5377-13344130","CEVA Logistics US, Inc.","S - PER - New Map","Sev 4"
"5377-13349974","Kennametal Inc","S - PER - New Map","Sev 4"
"5377-13349974","Kennametal Inc","S - PER - New Map","Sev 4"
"5377-13349974","Kennametal Inc","S - PER - New Map","Sev 4"
"5377-13349974","Kennametal Inc","S - PER - New Map","Sev 4"
"5377-13353064","Sandoz Inc","S - Map Change","Sev 3"
"5377-13359508","Cox Wood Preserving Company","S - PER - New Map","Sev 3"
"5377-13359508","Cox Wood Preserving Company","S - PER - New Map","Sev 3"
"5377-13359508","Cox Wood Preserving Company","S - PER - New Map","Sev 3"
"5377-13361064","BRADY CORPORATION","S - PER - New Map","Sev 4"
"5377-13361064","BRADY CORPORATION","S - PER - New Map","Sev 4"
"5377-13361064","BRADY CORPORATION","S - PER - New Map","Sev 4"
"5377-13361064","BRADY CORPORATION","S - PER - New Map","Sev 4"
"5377-13375155","Hu-Friedy Mfg Co Inc","S - PER - New Map","Sev 4"
"5377-13375155","Hu-Friedy Mfg Co Inc","S - PER - New Map","Sev 4"
"5377-13375155","Hu-Friedy Mfg Co Inc","S - PER - New Map","Sev 4"
"5377-13375155","Hu-Friedy Mfg Co Inc","S - PER - New Map","Sev 4"
"5377-13377881","CEVA Logistics US, Inc.","S - PER - Map Change","Sev 3"
"5377-13377881","CEVA Logistics US, Inc.","S - PER - Map Change","Sev 3"
"5377-13377881","CEVA Logistics US, Inc.","S - PER - Map Change","Sev 3"
"5377-13377881","CEVA Logistics US, Inc.","S - PER - Map Change","Sev 3"
"5377-13377881","CEVA Logistics US, Inc.","S - PER - Map Change","Sev 3"
"5377-13377881","CEVA Logistics US, Inc.","S - PER - Map Change","Sev 3"
"5377-13377881","CEVA Logistics US, Inc.","S - PER - Map Change","Sev 3"
"5377-13377881","CEVA Logistics US, Inc.","S - PER - Map Change","Sev 3"
"5377-13391470","Lindt & Sprüngli (NA) Inc","S - Map Change","Sev 3"
"5377-13391470","Lindt & Sprüngli (NA) Inc","S - Map Change","Sev 3"
"5377-13391470","Lindt & Sprüngli (NA) Inc","S - Map Change","Sev 3"
"5377-13391470","Lindt & Sprüngli (NA) Inc","S - Map Change","Sev 3"
"5377-13391470","Lindt & Sprüngli (NA) Inc","S - Map Change","Sev 3"
"5377-13391470","Lindt & Sprüngli (NA) Inc","S - Map Change","Sev 3"
"5377-13397293","Leggett & Platt Incorporated","S - PER - New Map","Sev 4"
"5377-13397293","Leggett & Platt Incorporated","S - PER - New Map","Sev 4"
"5377-13397293","Leggett & Platt Incorporated","S - PER - New Map","Sev 4"
"5377-13397293","Leggett & Platt Incorporated","S - PER - New Map","Sev 4"
"5377-13397307","Leggett & Platt Incorporated","S - PER - Map Change","Sev 3"
"5377-13397307","Leggett & Platt Incorporated","S - PER - Map Change","Sev 3"
"5377-13397307","Leggett & Platt Incorporated","S - PER - Map Change","Sev 3"
"5377-13398659","Leggett & Platt Incorporated","S - PER - New Map","Sev 4"
"5377-13398659","Leggett & Platt Incorporated","S - PER - New Map","Sev 4"
"5377-13398659","Leggett & Platt Incorporated","S - PER - New Map","Sev 4"
"5377-13398659","Leggett & Platt Incorporated","S - PER - New Map","Sev 4"
"5377-13398659","Leggett & Platt Incorporated","S - PER - New Map","Sev 4"
"5377-13398659","Leggett & Platt Incorporated","S - PER - New Map","Sev 4"
"5377-13398659","Leggett & Platt Incorporated","S - PER - New Map","Sev 4"
"5377-13406326","Emilia Personal Care, Inc.","S - PER - New Map","Sev 4"
"5377-13414439","CEVA Logistics US, Inc.","S - Map Research","Sev 3"
"5377-13414439","CEVA Logistics US, Inc.","S - Map Research","Sev 3"
"5377-13414439","CEVA Logistics US, Inc.","S - Map Research","Sev 3"
"5377-13414439","CEVA Logistics US, Inc.","S - Map Research","Sev 3"
"5377-13414439","CEVA Logistics US, Inc.","S - Map Research","Sev 3"
"5377-13415661","DESC Corporativo S.A DE C.V.","S - PER - New Map","Sev 4"
"5377-13415661","DESC Corporativo S.A DE C.V.","S - PER - New Map","Sev 4"
"5377-13415661","DESC Corporativo S.A DE C.V.","S - PER - New Map","Sev 4"
"5377-13415661","DESC Corporativo S.A DE C.V.","S - PER - New Map","Sev 4"
"5377-13415661","DESC Corporativo S.A DE C.V.","S - PER - New Map","Sev 4"
"5377-13415661","DESC Corporativo S.A DE C.V.","S - PER - New Map","Sev 4"
"5377-13415661","DESC Corporativo S.A DE C.V.","S - PER - New Map","Sev 4"
"5377-13415661","DESC Corporativo S.A DE C.V.","S - PER - New Map","Sev 4"
"5377-13415661","DESC Corporativo S.A DE C.V.","S - PER - New Map","Sev 4"
"5377-13416138","Elkay Manufacturing Company Inc","S - PER - Map Change","Sev 3"
"5377-13416138","Elkay Manufacturing Company Inc","S - PER - Map Change","Sev 3"
"5377-13416138","Elkay Manufacturing Company Inc","S - PER - Map Change","Sev 3"
"5377-13416138","Elkay Manufacturing Company Inc","S - PER - Map Change","Sev 3"
"5377-13419778","CEVA Logistics US, Inc.","S - PER - New Map","Sev 4"
"5377-13419778","CEVA Logistics US, Inc.","S - PER - New Map","Sev 4"
"5377-13419778","CEVA Logistics US, Inc.","S - PER - New Map","Sev 4"
"5377-13419778","CEVA Logistics US, Inc.","S - PER - New Map","Sev 4"
"5377-13419778","CEVA Logistics US, Inc.","S - PER - New Map","Sev 4"
"5377-13419778","CEVA Logistics US, Inc.","S - PER - New Map","Sev 4"
"5377-13419778","CEVA Logistics US, Inc.","S - PER - New Map","Sev 4"
"5377-13420705","CEVA Logistics US, Inc.","S - PER - New Map","Sev 2"
"5377-13420705","CEVA Logistics US, Inc.","S - PER - New Map","Sev 2"
"5377-13420705","CEVA Logistics US, Inc.","S - PER - New Map","Sev 2"
"5377-13420705","CEVA Logistics US, Inc.","S - PER - New Map","Sev 2"
"5377-13422106","TimkenSteel Corp","S - PER - New Map","Sev 2"
"5377-13422229","CEVA Logistics US, Inc.","S - Map Change","Sev 3"
"5377-13424321","CEVA Logistics US, Inc.","S - PER - New Map","Sev 2"
"5377-13424321","CEVA Logistics US, Inc.","S - PER - New Map","Sev 2"
"5377-13424321","CEVA Logistics US, Inc.","S - PER - New Map","Sev 2"
"5377-13424321","CEVA Logistics US, Inc.","S - PER - New Map","Sev 2"
"5377-13426453","Petco Animal Supplies Stores, Inc.","S - Map Change","Sev 3"
"5377-13426453","Petco Animal Supplies Stores, Inc.","S - Map Change","Sev 3"
"5377-13426453","Petco Animal Supplies Stores, Inc.","S - Map Change","Sev 3"
"5377-13426453","Petco Animal Supplies Stores, Inc.","S - Map Change","Sev 3"
"5377-13426453","Petco Animal Supplies Stores, Inc.","S - Map Change","Sev 3"
"5377-13426453","Petco Animal Supplies Stores, Inc.","S - Map Change","Sev 3"
"5377-13426453","Petco Animal Supplies Stores, Inc.","S - Map Change","Sev 3"
"5377-13426453","Petco Animal Supplies Stores, Inc.","S - Map Change","Sev 3"
"5377-13426453","Petco Animal Supplies Stores, Inc.","S - Map Change","Sev 3"
"5377-13426453","Petco Animal Supplies Stores, Inc.","S - Map Change","Sev 3"
"5377-13426453","Petco Animal Supplies Stores, Inc.","S - Map Change","Sev 3"
"5377-13426453","Petco Animal Supplies Stores, Inc.","S - Map Change","Sev 3"
"5377-13426453","Petco Animal Supplies Stores, Inc.","S - Map Change","Sev 3"
"5377-13426656","New Era Cap Co., Inc.","S - PER - New Map","Sev 3"
"5377-13426656","New Era Cap Co., Inc.","S - PER - New Map","Sev 3"
"5377-13426656","New Era Cap Co., Inc.","S - PER - New Map","Sev 3"
"5377-13426656","New Era Cap Co., Inc.","S - PER - New Map","Sev 3"
"5377-13426656","New Era Cap Co., Inc.","S - PER - New Map","Sev 3"
"5377-13426656","New Era Cap Co., Inc.","S - PER - New Map","Sev 3"
"5377-13426656","New Era Cap Co., Inc.","S - PER - New Map","Sev 3"
"5377-13426656","New Era Cap Co., Inc.","S - PER - New Map","Sev 3"
"5377-13426656","New Era Cap Co., Inc.","S - PER - New Map","Sev 3"
"5377-13426656","New Era Cap Co., Inc.","S - PER - New Map","Sev 3"
"5377-13426656","New Era Cap Co., Inc.","S - PER - New Map","Sev 3"
"5377-13426656","New Era Cap Co., Inc.","S - PER - New Map","Sev 3"
"5377-13426656","New Era Cap Co., Inc.","S - PER - New Map","Sev 3"
"5377-13432968","Watts Regulator Co","S - Map Change","Sev 3"
"5377-13432968","Watts Regulator Co","S - Map Change","Sev 3"
"5377-13432968","Watts Regulator Co","S - Map Change","Sev 3"
"5377-13432968","Watts Regulator Co","S - Map Change","Sev 3"
"5377-13432968","Watts Regulator Co","S - Map Change","Sev 3"
"5377-13433022","Watts Regulator Co","S - Map Change","Sev 3"
"5377-13433022","Watts Regulator Co","S - Map Change","Sev 3"
"5377-13433022","Watts Regulator Co","S - Map Change","Sev 3"
"5377-13434522","Watts Regulator Co","S - PER - New Map","Sev 4"
"5377-13434522","Watts Regulator Co","S - PER - New Map","Sev 4"
"5377-13434522","Watts Regulator Co","S - PER - New Map","Sev 4"
"5377-13434696","Watts Regulator Co","S - PER - New Map","Sev 4"
"5377-13434696","Watts Regulator Co","S - PER - New Map","Sev 4"
"5377-13434696","Watts Regulator Co","S - PER - New Map","Sev 4"
"5377-13434696","Watts Regulator Co","S - PER - New Map","Sev 4"
"5377-13434696","Watts Regulator Co","S - PER - New Map","Sev 4"
"5377-13434696","Watts Regulator Co","S - PER - New Map","Sev 4"
"5377-13443095","CEVA Logistics US, Inc.","S - PER - Map Change","Sev 4"
"5377-13452865","Crocs, Inc.","S - Map Change","Sev 3"
"5377-13452865","Crocs, Inc.","S - Map Change","Sev 3"
"5377-13452865","Crocs, Inc.","S - Map Change","Sev 3"
"5377-13453479","Hub Group, Inc.","S - PER - New Map","Sev 2"
"5377-13453490","Hub Group, Inc.","S - PER - New Map","Sev 4"
"5377-13453490","Hub Group, Inc.","S - PER - New Map","Sev 4"
"5377-13453490","Hub Group, Inc.","S - PER - New Map","Sev 4"
"5377-13453490","Hub Group, Inc.","S - PER - New Map","Sev 4"
"5377-13453490","Hub Group, Inc.","S - PER - New Map","Sev 4"
"5377-13455180","Allstate Insurance Company","S - Map Change","Sev 3"
"5377-13455180","Allstate Insurance Company","S - Map Change","Sev 3"
"5377-13455180","Allstate Insurance Company","S - Map Change","Sev 3"
"5377-13455180","Allstate Insurance Company","S - Map Change","Sev 3"
"5377-13455657","Philips Electronics North America Corp acting thru its div PDAP","S - PER - New Map","Sev 4"
"5377-13458154","Stanley Black & Decker, Inc","S - Map Change","Sev 2"
"5377-13464741","Husqvarna (S)","S - PER - New Map","Sev 4"
"5377-13464741","Husqvarna (S)","S - PER - New Map","Sev 4"
"5377-13464741","Husqvarna (S)","S - PER - New Map","Sev 4"
"5377-13464741","Husqvarna (S)","S - PER - New Map","Sev 4"
"5377-13464741","Husqvarna (S)","S - PER - New Map","Sev 4"
"5377-13469372","BBU, INC","S - PER - New Map","Sev 4"
"5377-13469372","BBU, INC","S - PER - New Map","Sev 4"
"5377-13469372","BBU, INC","S - PER - New Map","Sev 4"
"5377-13469372","BBU, INC","S - PER - New Map","Sev 4"
"5377-13470058","Perdue Farms Incorporated","S - PER - New Map","Sev 4"
"5377-13470058","Perdue Farms Incorporated","S - PER - New Map","Sev 4"
"5377-13470058","Perdue Farms Incorporated","S - PER - New Map","Sev 4"
"5377-13470058","Perdue Farms Incorporated","S - PER - New Map","Sev 4"
"5377-13480888","Millipore EMD","S - PER - New Map","Sev 4"
"5377-13487302","Russell A Farrow Limited","S - PER - New Map","Sev 4"
"5377-13487302","Russell A Farrow Limited","S - PER - New Map","Sev 4"
"5377-13487302","Russell A Farrow Limited","S - PER - New Map","Sev 4"
"5377-13487302","Russell A Farrow Limited","S - PER - New Map","Sev 4"
"5377-13489561","AXIALL CORPORATION","S - PER - New Map","Sev 2"
"5377-13489561","AXIALL CORPORATION","S - PER - New Map","Sev 2"
"5377-13489561","AXIALL CORPORATION","S - PER - New Map","Sev 2"
"5377-13489561","AXIALL CORPORATION","S - PER - New Map","Sev 2"
"5377-13489561","AXIALL CORPORATION","S - PER - New Map","Sev 2"
"5377-13489561","AXIALL CORPORATION","S - PER - New Map","Sev 2"
"5377-13489561","AXIALL CORPORATION","S - PER - New Map","Sev 2"
"5377-13489561","AXIALL CORPORATION","S - PER - New Map","Sev 2"
"5377-13489561","AXIALL CORPORATION","S - PER - New Map","Sev 2"
"5377-13489561","AXIALL CORPORATION","S - PER - New Map","Sev 2"
"5377-13493148","Wabco Inc","S - Map Change","Sev 3"
"5377-13493518","A. O. Smith Water Product Company","S - PER - New Map","Sev 4"
"5377-13497880","Pacific Cycle Inc","S - Map Change","Sev 3"
"5377-13499485","ArvinMeritor Inc (MI)","S - PER - Map Change","Sev 2"
"5377-13499485","ArvinMeritor Inc (MI)","S - PER - Map Change","Sev 2"
"5377-13499485","ArvinMeritor Inc (MI)","S - PER - Map Change","Sev 2"
"5377-13499485","ArvinMeritor Inc (MI)","S - PER - Map Change","Sev 2"
"5377-13499485","ArvinMeritor Inc (MI)","S - PER - Map Change","Sev 2"
"5377-13499604","Micron Technology Inc","S - PER - New Map","Sev 4"
"5377-13499604","Micron Technology Inc","S - PER - New Map","Sev 4"
"5377-13499604","Micron Technology Inc","S - PER - New Map","Sev 4"
"5377-13499604","Micron Technology Inc","S - PER - New Map","Sev 4"
"5377-13501463","Lindt & Sprüngli (NA) Inc","S - Proactive Notification","Sev 3"
"5377-13502757","LENOVO (UNITED STATES) INC.","S - PER - New Map","Sev 4"
"5377-13502843","LENOVO (UNITED STATES) INC.","S - PER - New Map","Sev 4"
"5377-13502875","LENOVO (UNITED STATES) INC.","S - PER - New Map","Sev 4"
"5377-13502875","LENOVO (UNITED STATES) INC.","S - PER - New Map","Sev 4"
"5377-13502875","LENOVO (UNITED STATES) INC.","S - PER - New Map","Sev 4"
"5377-13502875","LENOVO (UNITED STATES) INC.","S - PER - New Map","Sev 4"
"5377-13502885","LENOVO (UNITED STATES) INC.","S - PER - New Map","Sev 4"
"5377-13502885","LENOVO (UNITED STATES) INC.","S - PER - New Map","Sev 4"
"5377-13502885","LENOVO (UNITED STATES) INC.","S - PER - New Map","Sev 4"
"5377-13502885","LENOVO (UNITED STATES) INC.","S - PER - New Map","Sev 4"
"5377-13503004","Sigma-Aldrich Corporation","S - Map Change","Sev 3"
"5377-13503004","Sigma-Aldrich Corporation","S - Map Change","Sev 3"
"5377-13503004","Sigma-Aldrich Corporation","S - Map Change","Sev 3"
"5377-13503004","Sigma-Aldrich Corporation","S - Map Change","Sev 3"
"5377-13503004","Sigma-Aldrich Corporation","S - Map Change","Sev 3"
"5377-13503004","Sigma-Aldrich Corporation","S - Map Change","Sev 3"
"5377-13503004","Sigma-Aldrich Corporation","S - Map Change","Sev 3"
"5377-13503004","Sigma-Aldrich Corporation","S - Map Change","Sev 3"
"5377-13509993","CEVA Logistics US, Inc.","S - PER - New Map","Sev 3"
"5377-13509993","CEVA Logistics US, Inc.","S - PER - New Map","Sev 3"
"5377-13509993","CEVA Logistics US, Inc.","S - PER - New Map","Sev 3"
"5377-13509993","CEVA Logistics US, Inc.","S - PER - New Map","Sev 3"
"5377-13509993","CEVA Logistics US, Inc.","S - PER - New Map","Sev 3"
"5377-13509993","CEVA Logistics US, Inc.","S - PER - New Map","Sev 3"
"5377-13509993","CEVA Logistics US, Inc.","S - PER - New Map","Sev 3"
"5377-13509993","CEVA Logistics US, Inc.","S - PER - New Map","Sev 3"
"5377-13509993","CEVA Logistics US, Inc.","S - PER - New Map","Sev 3"
"5377-13509993","CEVA Logistics US, Inc.","S - PER - New Map","Sev 3"
"5377-13514599","New Era Cap Co., Inc.","S - Map Research","Sev 3"
"5377-13514599","New Era Cap Co., Inc.","S - Map Research","Sev 3"
"5377-13514599","New Era Cap Co., Inc.","S - Map Research","Sev 3"
"5377-13514955","BBU, INC","S - Map Change","Sev 3"
"5377-13514955","BBU, INC","S - Map Change","Sev 3"
"5377-13514955","BBU, INC","S - Map Change","Sev 3"
"5377-13514955","BBU, INC","S - Map Change","Sev 3"
"5377-13514955","BBU, INC","S - Map Change","Sev 3"
"5377-13514955","BBU, INC","S - Map Change","Sev 3"
"5377-13514955","BBU, INC","S - Map Change","Sev 3"
"5377-13514955","BBU, INC","S - Map Change","Sev 3"
"5377-13514955","BBU, INC","S - Map Change","Sev 3"
"5377-13517231","Pacific Cycle Inc","S - PER - New Map","Sev 2"
"5377-13517231","Pacific Cycle Inc","S - PER - New Map","Sev 2"
"5377-13517231","Pacific Cycle Inc","S - PER - New Map","Sev 2"
"5377-13517231","Pacific Cycle Inc","S - PER - New Map","Sev 2"
"5377-13517231","Pacific Cycle Inc","S - PER - New Map","Sev 2"
"5377-13517231","Pacific Cycle Inc","S - PER - New Map","Sev 2"
"5377-13517231","Pacific Cycle Inc","S - PER - New Map","Sev 2"
"5377-13517231","Pacific Cycle Inc","S - PER - New Map","Sev 2"
"5377-13517231","Pacific Cycle Inc","S - PER - New Map","Sev 2"
"5377-13517231","Pacific Cycle Inc","S - PER - New Map","Sev 2"
"5377-13517231","Pacific Cycle Inc","S - PER - New Map","Sev 2"
"5377-13517322","CEVA Logistics US, Inc.","S - PER - New Map","Sev 4"
"5377-13517322","CEVA Logistics US, Inc.","S - PER - New Map","Sev 4"
"5377-13517322","CEVA Logistics US, Inc.","S - PER - New Map","Sev 4"
"5377-13517322","CEVA Logistics US, Inc.","S - PER - New Map","Sev 4"
"5377-13519356","Church & Dwight Co., Inc.","S - Map Change","Sev 3"
"5377-13526954","CEVA Logistics US, Inc.","S - PER - New Map","Sev 3"
"5377-13526954","CEVA Logistics US, Inc.","S - PER - New Map","Sev 3"
"5377-13526954","CEVA Logistics US, Inc.","S - PER - New Map","Sev 3"
"5377-13527103","Stanley Black & Decker, Inc","S - PER - New Map","Sev 4"
"5377-13527103","Stanley Black & Decker, Inc","S - PER - New Map","Sev 4"
"5377-13527103","Stanley Black & Decker, Inc","S - PER - New Map","Sev 4"
"5377-13527103","Stanley Black & Decker, Inc","S - PER - New Map","Sev 4"
"5377-13527535","HIS CO., INC.","S - PER - New Map","Sev 4"
"5377-13527535","HIS CO., INC.","S - PER - New Map","Sev 4"
"5377-13527535","HIS CO., INC.","S - PER - New Map","Sev 4"
"5377-13527547","Peace River Citrus Products, Inc.","S - PER - New Map","Sev 4"
"5377-13527547","Peace River Citrus Products, Inc.","S - PER - New Map","Sev 4"
"5377-13527547","Peace River Citrus Products, Inc.","S - PER - New Map","Sev 4"
"5377-13527547","Peace River Citrus Products, Inc.","S - PER - New Map","Sev 4"
"5377-13527547","Peace River Citrus Products, Inc.","S - PER - New Map","Sev 4"
"5377-13528197","Church & Dwight Co., Inc.","S - PER - New Map","Sev 4"
"5377-13528197","Church & Dwight Co., Inc.","S - PER - New Map","Sev 4"
"5377-13528197","Church & Dwight Co., Inc.","S - PER - New Map","Sev 4"
"5377-13528197","Church & Dwight Co., Inc.","S - PER - New Map","Sev 4"
"5377-13528579","ArvinMeritor Inc (MI)","S - Map Change","Sev 2"
"5377-13528579","ArvinMeritor Inc (MI)","S - Map Change","Sev 2"
"5377-13528579","ArvinMeritor Inc (MI)","S - Map Change","Sev 2"
"5377-13528579","ArvinMeritor Inc (MI)","S - Map Change","Sev 2"
"5377-13528579","ArvinMeritor Inc (MI)","S - Map Change","Sev 2"
"5377-13528579","ArvinMeritor Inc (MI)","S - Map Change","Sev 2"
"5377-13528579","ArvinMeritor Inc (MI)","S - Map Change","Sev 2"
"5377-13528579","ArvinMeritor Inc (MI)","S - Map Change","Sev 2"
"5377-13528579","ArvinMeritor Inc (MI)","S - Map Change","Sev 2"
"5377-13528579","ArvinMeritor Inc (MI)","S - Map Change","Sev 2"
"5377-13528579","ArvinMeritor Inc (MI)","S - Map Change","Sev 2"
"5377-13528579","ArvinMeritor Inc (MI)","S - Map Change","Sev 2"
"5377-13528579","ArvinMeritor Inc (MI)","S - Map Change","Sev 2"
"5377-13528579","ArvinMeritor Inc (MI)","S - Map Change","Sev 2"
"5377-13528579","ArvinMeritor Inc (MI)","S - Map Change","Sev 2"
"5377-13528579","ArvinMeritor Inc (MI)","S - Map Change","Sev 2"
"5377-13528579","ArvinMeritor Inc (MI)","S - Map Change","Sev 2"
"5377-13528579","ArvinMeritor Inc (MI)","S - Map Change","Sev 2"
"5377-13528579","ArvinMeritor Inc (MI)","S - Map Change","Sev 2"
"5377-13529002","Jason Incorporated","S - PER - New Map","Sev 3"
"5377-13529002","Jason Incorporated","S - PER - New Map","Sev 3"
"5377-13529002","Jason Incorporated","S - PER - New Map","Sev 3"
"5377-13529002","Jason Incorporated","S - PER - New Map","Sev 3"
"5377-13529813","Animal Supply Company","S - Map Change","Sev 3"
"5377-13529813","Animal Supply Company","S - Map Change","Sev 3"
"5377-13529813","Animal Supply Company","S - Map Change","Sev 3"
"5377-13529813","Animal Supply Company","S - Map Change","Sev 3"
"5377-13529813","Animal Supply Company","S - Map Change","Sev 3"
"5377-13529813","Animal Supply Company","S - Map Change","Sev 3"
"5377-13530692","Micron Technology Inc","S - PER - New Map","Sev 4"
"5377-13530692","Micron Technology Inc","S - PER - New Map","Sev 4"
"5377-13530692","Micron Technology Inc","S - PER - New Map","Sev 4"
"5377-13530692","Micron Technology Inc","S - PER - New Map","Sev 4"
"5377-13530707","Micron Technology Inc","S - PER - New Map","Sev 4"
"5377-13530707","Micron Technology Inc","S - PER - New Map","Sev 4"
"5377-13530707","Micron Technology Inc","S - PER - New Map","Sev 4"
"5377-13530707","Micron Technology Inc","S - PER - New Map","Sev 4"
"5377-13530707","Micron Technology Inc","S - PER - New Map","Sev 4"
"5377-13530707","Micron Technology Inc","S - PER - New Map","Sev 4"
"5377-13531190","CEVA Logistics US, Inc.","S - PER - New Map","Sev 2"
"5377-13531190","CEVA Logistics US, Inc.","S - PER - New Map","Sev 2"
"5377-13532563","Kennametal Inc","S - PER - New Map","Sev 4"
"5377-13532571","Kennametal Inc","S - PER - New Map","Sev 4"
"5377-13532571","Kennametal Inc","S - PER - New Map","Sev 4"
"5377-13532571","Kennametal Inc","S - PER - New Map","Sev 4"
"5377-13532571","Kennametal Inc","S - PER - New Map","Sev 4"
"5377-13532571","Kennametal Inc","S - PER - New Map","Sev 4"
"5377-13533114","CEVA Logistics US, Inc.","S - PER - New Map","Sev 4"
"5377-13533115","Schneider Enterprise Resources, LLC","S - Map Change","Sev 3"
"5377-13533115","Schneider Enterprise Resources, LLC","S - Map Change","Sev 3"
"5377-13533115","Schneider Enterprise Resources, LLC","S - Map Change","Sev 3"
"5377-13533115","Schneider Enterprise Resources, LLC","S - Map Change","Sev 3"
"5377-13533115","Schneider Enterprise Resources, LLC","S - Map Change","Sev 3"
"5377-13533115","Schneider Enterprise Resources, LLC","S - Map Change","Sev 3"
"5377-13533115","Schneider Enterprise Resources, LLC","S - Map Change","Sev 3"
"5377-13533115","Schneider Enterprise Resources, LLC","S - Map Change","Sev 3"
"5377-13533115","Schneider Enterprise Resources, LLC","S - Map Change","Sev 3"
"5377-13533115","Schneider Enterprise Resources, LLC","S - Map Change","Sev 3"
"5377-13533115","Schneider Enterprise Resources, LLC","S - Map Change","Sev 3"
"5377-13533727","ArvinMeritor Inc (MI)","S - Map Change","Sev 3"
"5377-13533727","ArvinMeritor Inc (MI)","S - Map Change","Sev 3"
"5377-13533727","ArvinMeritor Inc (MI)","S - Map Change","Sev 3"
"5377-13533727","ArvinMeritor Inc (MI)","S - Map Change","Sev 3"
"5377-13533727","ArvinMeritor Inc (MI)","S - Map Change","Sev 3"
"5377-13533821","ArvinMeritor Inc (MI)","S - Map Change","Sev 2"
"5377-13533821","ArvinMeritor Inc (MI)","S - Map Change","Sev 2"
"5377-13533821","ArvinMeritor Inc (MI)","S - Map Change","Sev 2"
"5377-13533821","ArvinMeritor Inc (MI)","S - Map Change","Sev 2"
"5377-13533821","ArvinMeritor Inc (MI)","S - Map Change","Sev 2"
"5377-13533821","ArvinMeritor Inc (MI)","S - Map Change","Sev 2"
"5377-13533821","ArvinMeritor Inc (MI)","S - Map Change","Sev 2"
"5377-13533821","ArvinMeritor Inc (MI)","S - Map Change","Sev 2"
"5377-13533821","ArvinMeritor Inc (MI)","S - Map Change","Sev 2"
"5377-13533821","ArvinMeritor Inc (MI)","S - Map Change","Sev 2"
"5377-13533821","ArvinMeritor Inc (MI)","S - Map Change","Sev 2"
"5377-13533821","ArvinMeritor Inc (MI)","S - Map Change","Sev 2"
"5377-13533821","ArvinMeritor Inc (MI)","S - Map Change","Sev 2"
"5377-13533821","ArvinMeritor Inc (MI)","S - Map Change","Sev 2"
"5377-13534190","Perdue Farms Incorporated","S - PER - New Map","Sev 4"
"5377-13534190","Perdue Farms Incorporated","S - PER - New Map","Sev 4"
"5377-13534190","Perdue Farms Incorporated","S - PER - New Map","Sev 4"
"5377-13534190","Perdue Farms Incorporated","S - PER - New Map","Sev 4"
"5377-13534190","Perdue Farms Incorporated","S - PER - New Map","Sev 4"
"5377-13534201","Perdue Farms Incorporated","S - PER - New Map","Sev 4"
"5377-13534201","Perdue Farms Incorporated","S - PER - New Map","Sev 4"
"5377-13534201","Perdue Farms Incorporated","S - PER - New Map","Sev 4"
"5377-13534201","Perdue Farms Incorporated","S - PER - New Map","Sev 4"
"5377-13534201","Perdue Farms Incorporated","S - PER - New Map","Sev 4"
"5377-13541055","Micron Technology Inc","S - PER - New Map","Sev 4"
"5377-13541055","Micron Technology Inc","S - PER - New Map","Sev 4"
"5377-13541055","Micron Technology Inc","S - PER - New Map","Sev 4"
"5377-13541055","Micron Technology Inc","S - PER - New Map","Sev 4"
"5377-13541055","Micron Technology Inc","S - PER - New Map","Sev 4"
"5377-13544818","Micron Technology Inc","S - Map Research","Sev 3"
"5377-13544818","Micron Technology Inc","S - Map Research","Sev 3"
"5377-13544818","Micron Technology Inc","S - Map Research","Sev 3"
"5377-13544818","Micron Technology Inc","S - Map Research","Sev 3"
"5377-13544818","Micron Technology Inc","S - Map Research","Sev 3"
"5377-13545717","VF Services Inc","S - PER - Map Change","Sev 3"
"5377-13545717","VF Services Inc","S - PER - Map Change","Sev 3"
"5377-13545717","VF Services Inc","S - PER - Map Change","Sev 3"
"5377-13545717","VF Services Inc","S - PER - Map Change","Sev 3"
"5377-13545717","VF Services Inc","S - PER - Map Change","Sev 3"
"5377-13545717","VF Services Inc","S - PER - Map Change","Sev 3"
"5377-13545717","VF Services Inc","S - PER - Map Change","Sev 3"
"5377-13545717","VF Services Inc","S - PER - Map Change","Sev 3"
"5377-13546136","JR286 Technologies, Inc.","S - PER - New Map","Sev 4"
"5377-13546136","JR286 Technologies, Inc.","S - PER - New Map","Sev 4"
"5377-13546136","JR286 Technologies, Inc.","S - PER - New Map","Sev 4"
"5377-13546136","JR286 Technologies, Inc.","S - PER - New Map","Sev 4"
"5377-13546136","JR286 Technologies, Inc.","S - PER - New Map","Sev 4"
"5377-13546136","JR286 Technologies, Inc.","S - PER - New Map","Sev 4"
"5377-13546136","JR286 Technologies, Inc.","S - PER - New Map","Sev 4"
"5377-13546169","JR286 Technologies, Inc.","S - PER - New Map","Sev 4"
"5377-13546169","JR286 Technologies, Inc.","S - PER - New Map","Sev 4"
"5377-13546169","JR286 Technologies, Inc.","S - PER - New Map","Sev 4"
"5377-13546237","Kennametal Inc","S - PER - New Map","Sev 4"
"5377-13546237","Kennametal Inc","S - PER - New Map","Sev 4"
"5377-13546237","Kennametal Inc","S - PER - New Map","Sev 4"
"5377-13546237","Kennametal Inc","S - PER - New Map","Sev 4"
"5377-13546237","Kennametal Inc","S - PER - New Map","Sev 4"
"5377-13546937","Hub Group, Inc.","S - PER - New Map","Sev 4"
"5377-13548563","BRADY CORPORATION","S - PER - New Map","Sev 4"
"5377-13548563","BRADY CORPORATION","S - PER - New Map","Sev 4"
"5377-13548563","BRADY CORPORATION","S - PER - New Map","Sev 4"
"5377-13548563","BRADY CORPORATION","S - PER - New Map","Sev 4"
"5377-13548563","BRADY CORPORATION","S - PER - New Map","Sev 4"
"5377-13548563","BRADY CORPORATION","S - PER - New Map","Sev 4"
"5377-13548575","D R L Enterprises Inc","S - PER - New Map","Sev 4"
"5377-13548575","D R L Enterprises Inc","S - PER - New Map","Sev 4"
"5377-13548575","D R L Enterprises Inc","S - PER - New Map","Sev 4"
"5377-13548575","D R L Enterprises Inc","S - PER - New Map","Sev 4"
"5377-13548827","Hexpol Compounding, LLC","S - Map Change","Sev 3"
"5377-13548827","Hexpol Compounding, LLC","S - Map Change","Sev 3"
"5377-13548827","Hexpol Compounding, LLC","S - Map Change","Sev 3"
"5377-13548827","Hexpol Compounding, LLC","S - Map Change","Sev 3"
"5377-13549311","Ryosan Company, Limited","S - PER - New Map","Sev 4"
"5377-13549311","Ryosan Company, Limited","S - PER - New Map","Sev 4"
"5377-13549311","Ryosan Company, Limited","S - PER - New Map","Sev 4"
"5377-13549311","Ryosan Company, Limited","S - PER - New Map","Sev 4"
"5377-13549902","SILICON LABORATORIES INC","S - Map Change","Sev 3"
"5377-13549902","SILICON LABORATORIES INC","S - Map Change","Sev 3"
"5377-13549902","SILICON LABORATORIES INC","S - Map Change","Sev 3"
"5377-13549902","SILICON LABORATORIES INC","S - Map Change","Sev 3"
"5377-13551047","LENOVO (UNITED STATES) INC.","S - PER - New Map","Sev 4"
"5377-13551047","LENOVO (UNITED STATES) INC.","S - PER - New Map","Sev 4"
"5377-13551047","LENOVO (UNITED STATES) INC.","S - PER - New Map","Sev 4"
"5377-13551047","LENOVO (UNITED STATES) INC.","S - PER - New Map","Sev 4"
"5377-13551370","Kennametal Inc","S - PER - New Map","Sev 4"
"5377-13551370","Kennametal Inc","S - PER - New Map","Sev 4"
"5377-13551370","Kennametal Inc","S - PER - New Map","Sev 4"
"5377-13551370","Kennametal Inc","S - PER - New Map","Sev 4"
"5377-13551642","SGCIO - Saint-Gobain Consulting Information & Organization","S - PER - New Map","Sev 4"
"5377-13551642","SGCIO - Saint-Gobain Consulting Information & Organization","S - PER - New Map","Sev 4"
"5377-13551642","SGCIO - Saint-Gobain Consulting Information & Organization","S - PER - New Map","Sev 4"
"5377-13551642","SGCIO - Saint-Gobain Consulting Information & Organization","S - PER - New Map","Sev 4"
"5377-13551794","Darigold, Inc.","S - PER - New Map","Sev 3"
"5377-13551843","Sandoz Inc","S - Map Change","Sev 3"
"5377-13551843","Sandoz Inc","S - Map Change","Sev 3"
"5377-13551843","Sandoz Inc","S - Map Change","Sev 3"
"5377-13551843","Sandoz Inc","S - Map Change","Sev 3"
"5377-13551843","Sandoz Inc","S - Map Change","Sev 3"
"5377-13551843","Sandoz Inc","S - Map Change","Sev 3"
"5377-13551843","Sandoz Inc","S - Map Change","Sev 3"
"5377-13551843","Sandoz Inc","S - Map Change","Sev 3"
"5377-13551843","Sandoz Inc","S - Map Change","Sev 3"
"5377-13551976","Perdue Farms Incorporated","S - PER - New Map","Sev 4"
"5377-13551976","Perdue Farms Incorporated","S - PER - New Map","Sev 4"
"5377-13551976","Perdue Farms Incorporated","S - PER - New Map","Sev 4"
"5377-13551976","Perdue Farms Incorporated","S - PER - New Map","Sev 4"
"5377-13552109","Lindt & Sprüngli (NA) Inc","S - Map Change","Sev 3"
"5377-13552109","Lindt & Sprüngli (NA) Inc","S - Map Change","Sev 3"
"5377-13552109","Lindt & Sprüngli (NA) Inc","S - Map Change","Sev 3"
"5377-13552109","Lindt & Sprüngli (NA) Inc","S - Map Change","Sev 3"
"5377-13552339","CEVA Logistics US, Inc.","S - PER - New Map","Sev 4"
"5377-13552339","CEVA Logistics US, Inc.","S - PER - New Map","Sev 4"
"5377-13552339","CEVA Logistics US, Inc.","S - PER - New Map","Sev 4"
"5377-13552796","BBU, INC","S - Map Research","Sev 3"
"5377-13552796","BBU, INC","S - Map Research","Sev 3"
"5377-13552796","BBU, INC","S - Map Research","Sev 3"
"5377-13552796","BBU, INC","S - Map Research","Sev 3"
"5377-13552796","BBU, INC","S - Map Research","Sev 3"
"5377-13552796","BBU, INC","S - Map Research","Sev 3"
"5377-13552796","BBU, INC","S - Map Research","Sev 3"
"5377-13552796","BBU, INC","S - Map Research","Sev 3"
"5377-13553019","CEVA Logistics US, Inc.","S - PER - New Map","Sev 2"
"5377-13553019","CEVA Logistics US, Inc.","S - PER - New Map","Sev 2"
"5377-13553019","CEVA Logistics US, Inc.","S - PER - New Map","Sev 2"
"5377-13559586","Wabco Inc","S - Map Change","Sev 3"
"5377-13562793","Schneider Enterprise Resources, LLC","S - Map Research","Sev 3"
"5377-13562793","Schneider Enterprise Resources, LLC","S - Map Research","Sev 3"
"5377-13562793","Schneider Enterprise Resources, LLC","S - Map Research","Sev 3"
"5377-13562795","Stanley Black & Decker, Inc","S - PER - New Map","Sev 4"
"5377-13562795","Stanley Black & Decker, Inc","S - PER - New Map","Sev 4"
"5377-13562795","Stanley Black & Decker, Inc","S - PER - New Map","Sev 4"
"5377-13562795","Stanley Black & Decker, Inc","S - PER - New Map","Sev 4"
"5377-13563975","LENOVO (UNITED STATES) INC.","S - PER - New Map","Sev 3"
"5377-13563975","LENOVO (UNITED STATES) INC.","S - PER - New Map","Sev 3"
"5377-13563975","LENOVO (UNITED STATES) INC.","S - PER - New Map","Sev 3"
"5377-13563975","LENOVO (UNITED STATES) INC.","S - PER - New Map","Sev 3"
"5377-13564022","Sigma-Aldrich Corporation","S - Map Change","Sev 3"
"5377-13564022","Sigma-Aldrich Corporation","S - Map Change","Sev 3"
"5377-13564022","Sigma-Aldrich Corporation","S - Map Change","Sev 3"
"5377-13564204","Ball Corporation (D)","S - PER - New Map","Sev 2"
"5377-13564204","Ball Corporation (D)","S - PER - New Map","Sev 2"
"5377-13564204","Ball Corporation (D)","S - PER - New Map","Sev 2"
"5377-13564204","Ball Corporation (D)","S - PER - New Map","Sev 2"
"5377-13564204","Ball Corporation (D)","S - PER - New Map","Sev 2"
"5377-13564204","Ball Corporation (D)","S - PER - New Map","Sev 2"
"5377-13564204","Ball Corporation (D)","S - PER - New Map","Sev 2"
"5377-13564204","Ball Corporation (D)","S - PER - New Map","Sev 2"
"5377-13564204","Ball Corporation (D)","S - PER - New Map","Sev 2"
"5377-13564204","Ball Corporation (D)","S - PER - New Map","Sev 2"
"5377-13564204","Ball Corporation (D)","S - PER - New Map","Sev 2"
"5377-13564204","Ball Corporation (D)","S - PER - New Map","Sev 2"
"5377-13564204","Ball Corporation (D)","S - PER - New Map","Sev 2"
"5377-13564204","Ball Corporation (D)","S - PER - New Map","Sev 2"
"5377-13564204","Ball Corporation (D)","S - PER - New Map","Sev 2"
"5377-13564209","PrimeSource Building Products","S - Map Change","Sev 3"
"5377-13564209","PrimeSource Building Products","S - Map Change","Sev 3"
"5377-13564209","PrimeSource Building Products","S - Map Change","Sev 3"
"5377-13564209","PrimeSource Building Products","S - Map Change","Sev 3"
"5377-13564209","PrimeSource Building Products","S - Map Change","Sev 3"
"5377-13564209","PrimeSource Building Products","S - Map Change","Sev 3"
"5377-13564209","PrimeSource Building Products","S - Map Change","Sev 3"
"5377-13564997","Phadia AB","S - PER - New Map","Sev 4"
"5377-13564997","Phadia AB","S - PER - New Map","Sev 4"
"5377-13564997","Phadia AB","S - PER - New Map","Sev 4"
"5377-13564997","Phadia AB","S - PER - New Map","Sev 4"
"5377-13565004","CEVA Logistics US, Inc.","S - Map Change","Sev 3"
"5377-13565004","CEVA Logistics US, Inc.","S - Map Change","Sev 3"
"5377-13565004","CEVA Logistics US, Inc.","S - Map Change","Sev 3"
"5377-13565776","Sandoz Inc","S - Map Research","Sev 3"
"5377-13565776","Sandoz Inc","S - Map Research","Sev 3"
"5377-13565776","Sandoz Inc","S - Map Research","Sev 3"
"5377-13565776","Sandoz Inc","S - Map Research","Sev 3"
"5377-13566692","Hub Group, Inc.","S - Map Change","Sev 3"
"5377-13566743","CEVA Logistics US, Inc.","S - Map Research","Sev 3"
"5377-13566893","Corning Inc.","S - Map Change","Sev 3"
"5377-13567277","Micron Technology Inc","S - Map Change","Sev 3"
"5377-13567277","Micron Technology Inc","S - Map Change","Sev 3"
"5377-13567277","Micron Technology Inc","S - Map Change","Sev 3"
"5377-13567896","Ingersoll-Rand Company, through its Security Technologies Sector","S - Map Change","Sev 3"
"5377-13567896","Ingersoll-Rand Company, through its Security Technologies Sector","S - Map Change","Sev 3"
"5377-13567896","Ingersoll-Rand Company, through its Security Technologies Sector","S - Map Change","Sev 3"
"5377-13567896","Ingersoll-Rand Company, through its Security Technologies Sector","S - Map Change","Sev 3"
"5377-13567896","Ingersoll-Rand Company, through its Security Technologies Sector","S - Map Change","Sev 3"
"5377-13567896","Ingersoll-Rand Company, through its Security Technologies Sector","S - Map Change","Sev 3"
"5377-13567896","Ingersoll-Rand Company, through its Security Technologies Sector","S - Map Change","Sev 3"
"5377-13567896","Ingersoll-Rand Company, through its Security Technologies Sector","S - Map Change","Sev 3"
"5377-13567896","Ingersoll-Rand Company, through its Security Technologies Sector","S - Map Change","Sev 3"
"5377-13567896","Ingersoll-Rand Company, through its Security Technologies Sector","S - Map Change","Sev 3"
"5377-13567896","Ingersoll-Rand Company, through its Security Technologies Sector","S - Map Change","Sev 3"
"5377-13567988","A. O. Smith Water Product Company","S - Map Change","Sev 3"
"5377-13567988","A. O. Smith Water Product Company","S - Map Change","Sev 3"
"5377-13567988","A. O. Smith Water Product Company","S - Map Change","Sev 3"
"5377-13568010","Ingersoll-Rand Company, through its Security Technologies Sector","S - PER - New Map","Sev 4"
"5377-13568010","Ingersoll-Rand Company, through its Security Technologies Sector","S - PER - New Map","Sev 4"
"5377-13568010","Ingersoll-Rand Company, through its Security Technologies Sector","S - PER - New Map","Sev 4"
"5377-13568010","Ingersoll-Rand Company, through its Security Technologies Sector","S - PER - New Map","Sev 4"
"5377-13568010","Ingersoll-Rand Company, through its Security Technologies Sector","S - PER - New Map","Sev 4"
"5377-13568010","Ingersoll-Rand Company, through its Security Technologies Sector","S - PER - New Map","Sev 4"
"5377-13568567","Lindt & Sprüngli (NA) Inc","S - Map Change","Sev 3"
"5377-13568567","Lindt & Sprüngli (NA) Inc","S - Map Change","Sev 3"
"5377-13568567","Lindt & Sprüngli (NA) Inc","S - Map Change","Sev 3"
"5377-13568567","Lindt & Sprüngli (NA) Inc","S - Map Change","Sev 3"
"5377-13568587","LENOVO (UNITED STATES) INC.","S - Map Research","Sev 3"
"5377-13568670","Manfrotto Distribution","S - Mapping Request","Sev 4"
"5377-13568670","Manfrotto Distribution","S - Mapping Request","Sev 4"
"5377-13568734","CEVA Logistics US, Inc.","S - PER - New Map","Sev 4"
"5377-13568734","CEVA Logistics US, Inc.","S - PER - New Map","Sev 4"
"5377-13569111","Toshiba Global Commerce Solutions Inc.","S - Map Research","Sev 3"
"5377-13569111","Toshiba Global Commerce Solutions Inc.","S - Map Research","Sev 3"
"5377-13569111","Toshiba Global Commerce Solutions Inc.","S - Map Research","Sev 3"
"5377-13569111","Toshiba Global Commerce Solutions Inc.","S - Map Research","Sev 3"
"5377-13569126","Kennametal Inc","S - PER - New Map","Sev 3"
"5377-13569126","Kennametal Inc","S - PER - New Map","Sev 3"
"5377-13569126","Kennametal Inc","S - PER - New Map","Sev 3"
"5377-13569126","Kennametal Inc","S - PER - New Map","Sev 3"
"5377-13569126","Kennametal Inc","S - PER - New Map","Sev 3"
"5377-13569126","Kennametal Inc","S - PER - New Map","Sev 3"
"5377-13569252","Makita USA Inc","S - PER - New Map","Sev 3"
"5377-13569274","Makita USA Inc","S - PER - New Map","Sev 4"
"5377-13569274","Makita USA Inc","S - PER - New Map","Sev 4"
"5377-13569274","Makita USA Inc","S - PER - New Map","Sev 4"
"5377-13569274","Makita USA Inc","S - PER - New Map","Sev 4"
"5377-13569458","CEVA Logistics US, Inc.","S - Map Research","Sev 2"
"5377-13569458","CEVA Logistics US, Inc.","S - Map Research","Sev 2"
"5377-13569625","Hirschvogel Inc","S - PER - New Map","Sev 4"
"5377-13569625","Hirschvogel Inc","S - PER - New Map","Sev 4"
"5377-13569625","Hirschvogel Inc","S - PER - New Map","Sev 4"
"5377-13569625","Hirschvogel Inc","S - PER - New Map","Sev 4"
"5377-13569625","Hirschvogel Inc","S - PER - New Map","Sev 4"
"5377-13569625","Hirschvogel Inc","S - PER - New Map","Sev 4"
"5377-13569625","Hirschvogel Inc","S - PER - New Map","Sev 4"
"5377-13569638","Hirschvogel Inc","S - PER - New Map","Sev 4"
"5377-13569638","Hirschvogel Inc","S - PER - New Map","Sev 4"
"5377-13569638","Hirschvogel Inc","S - PER - New Map","Sev 4"
"5377-13569638","Hirschvogel Inc","S - PER - New Map","Sev 4"
"5377-13569638","Hirschvogel Inc","S - PER - New Map","Sev 4"
"5377-13569638","Hirschvogel Inc","S - PER - New Map","Sev 4"
"5377-13569638","Hirschvogel Inc","S - PER - New Map","Sev 4"
"5377-13569680","CEVA Logistics US, Inc.","S - PER - New Map","Sev 3"
"5377-13569680","CEVA Logistics US, Inc.","S - PER - New Map","Sev 3"
"5377-13569680","CEVA Logistics US, Inc.","S - PER - New Map","Sev 3"
"5377-13569680","CEVA Logistics US, Inc.","S - PER - New Map","Sev 3"
"5377-13569700","Kennametal Inc","S - Map Change","Sev 3"
"5377-13569700","Kennametal Inc","S - Map Change","Sev 3"
"5377-13569700","Kennametal Inc","S - Map Change","Sev 3"
"5377-13569700","Kennametal Inc","S - Map Change","Sev 3"
"5377-13569801","Schneider Enterprise Resources, LLC","S - PER - New Map","Sev 4"
"5377-13569801","Schneider Enterprise Resources, LLC","S - PER - New Map","Sev 4"
"5377-13569801","Schneider Enterprise Resources, LLC","S - PER - New Map","Sev 4"
"5377-13569801","Schneider Enterprise Resources, LLC","S - PER - New Map","Sev 4"
"5377-13569801","Schneider Enterprise Resources, LLC","S - PER - New Map","Sev 4"
"5377-13569801","Schneider Enterprise Resources, LLC","S - PER - New Map","Sev 4"
"5377-13569928","ArvinMeritor Inc (MI)","S - Map Change","Sev 3"
"5377-13569928","ArvinMeritor Inc (MI)","S - Map Change","Sev 3"
"5377-13569928","ArvinMeritor Inc (MI)","S - Map Change","Sev 3"
"5377-13569957","US Xpress Enterprises, Inc.","S - Map Change","Sev 3"
"5377-13569957","US Xpress Enterprises, Inc.","S - Map Change","Sev 3"
"5377-13569957","US Xpress Enterprises, Inc.","S - Map Change","Sev 3"
"5377-13569957","US Xpress Enterprises, Inc.","S - Map Change","Sev 3"
"5377-13570536","VF Services Inc","S - Map Research","Sev 3"
"5377-13570536","VF Services Inc","S - Map Research","Sev 3"
"5377-13570536","VF Services Inc","S - Map Research","Sev 3"
"5377-13570536","VF Services Inc","S - Map Research","Sev 3"
"5377-13570536","VF Services Inc","S - Map Research","Sev 3"
"5377-13570536","VF Services Inc","S - Map Research","Sev 3"
"5377-13570536","VF Services Inc","S - Map Research","Sev 3"
"5377-13570536","VF Services Inc","S - Map Research","Sev 3"
"5377-13570620","Holbrook Mfg Inc","S - Mapping Request","Sev 3"
"5377-13570620","Holbrook Mfg Inc","S - Mapping Request","Sev 3"
"5377-13570620","Holbrook Mfg Inc","S - Mapping Request","Sev 3"
"5377-13570620","Holbrook Mfg Inc","S - Mapping Request","Sev 3"
"5377-13570620","Holbrook Mfg Inc","S - Mapping Request","Sev 3"
"5377-13570622","Sterling Sales and Marketing LLC","S - Map Research","Sev 3"
"5377-13570657","Novartis Pharmaceuticals Corporation","S - Map Research","Sev 3"
"5377-13570657","Novartis Pharmaceuticals Corporation","S - Map Research","Sev 3"
"5377-13570657","Novartis Pharmaceuticals Corporation","S - Map Research","Sev 3"
"5377-13570657","Novartis Pharmaceuticals Corporation","S - Map Research","Sev 3"
"5377-13570657","Novartis Pharmaceuticals Corporation","S - Map Research","Sev 3"
"5377-13570657","Novartis Pharmaceuticals Corporation","S - Map Research","Sev 3"
"5377-13570850","National Smokeless Tobacco Company Limted","S - Map Research","Sev 3"
"5377-13570850","National Smokeless Tobacco Company Limted","S - Map Research","Sev 3"
"5377-13570931","Kraft Foods, Inc.+4970542","S - Map Change","Sev 3"
"5377-13570931","Kraft Foods, Inc.+4970542","S - Map Change","Sev 3"
"5377-13570940","Kraft Foods, Inc.+4970542","S - PER - New Map","Sev 4"
"5377-13570966","New Era Cap Co., Inc.","S - Map Change","Sev 3"
"5377-13570966","New Era Cap Co., Inc.","S - Map Change","Sev 3"
"5377-13570966","New Era Cap Co., Inc.","S - Map Change","Sev 3"
"5377-13570966","New Era Cap Co., Inc.","S - Map Change","Sev 3"
"5377-13570966","New Era Cap Co., Inc.","S - Map Change","Sev 3"
"5377-13570966","New Era Cap Co., Inc.","S - Map Change","Sev 3"
"5377-13570992","Micron Technology Inc","S - Map Change","Sev 3"
"5377-13570992","Micron Technology Inc","S - Map Change","Sev 3"
"5377-13570992","Micron Technology Inc","S - Map Change","Sev 3"
"5377-13570992","Micron Technology Inc","S - Map Change","Sev 3"
"5377-13571142","CEVA Logistics US, Inc.","S - PER - New Map","Sev 4"
"5377-13571142","CEVA Logistics US, Inc.","S - PER - New Map","Sev 4"
"5377-13571142","CEVA Logistics US, Inc.","S - PER - New Map","Sev 4"
"5377-13571142","CEVA Logistics US, Inc.","S - PER - New Map","Sev 4"
"5377-13571332","CEVA Logistics US, Inc.","S - PER - New Map","Sev 4"
"5377-13571332","CEVA Logistics US, Inc.","S - PER - New Map","Sev 4"
"5377-13571332","CEVA Logistics US, Inc.","S - PER - New Map","Sev 4"
"5377-13571332","CEVA Logistics US, Inc.","S - PER - New Map","Sev 4"
"5377-13571341","Elkay Manufacturing Company Inc","S - Map Research","Sev 3"
"5377-13571341","Elkay Manufacturing Company Inc","S - Map Research","Sev 3"
"5377-13571341","Elkay Manufacturing Company Inc","S - Map Research","Sev 3"
"5377-13571341","Elkay Manufacturing Company Inc","S - Map Research","Sev 3"
"5377-13571341","Elkay Manufacturing Company Inc","S - Map Research","Sev 3"
"5377-13571341","Elkay Manufacturing Company Inc","S - Map Research","Sev 3"
"5377-13571341","Elkay Manufacturing Company Inc","S - Map Research","Sev 3"
"5377-13571341","Elkay Manufacturing Company Inc","S - Map Research","Sev 3"
"5377-13571344","Phadia AB","S - PER - New Map","Sev 4"
"5377-13571344","Phadia AB","S - PER - New Map","Sev 4"
"5377-13571344","Phadia AB","S - PER - New Map","Sev 4"
"5377-13571344","Phadia AB","S - PER - New Map","Sev 4"
"5377-13571344","Phadia AB","S - PER - New Map","Sev 4"
"5377-13571686","SILICON LABORATORIES INC","S - PER - Map Change","Sev 3"
"5377-13571686","SILICON LABORATORIES INC","S - PER - Map Change","Sev 3"
"5377-13571686","SILICON LABORATORIES INC","S - PER - Map Change","Sev 3"
"5377-13571686","SILICON LABORATORIES INC","S - PER - Map Change","Sev 3"
"5377-13571686","SILICON LABORATORIES INC","S - PER - Map Change","Sev 3"
"5377-13571686","SILICON LABORATORIES INC","S - PER - Map Change","Sev 3"
"5377-13571686","SILICON LABORATORIES INC","S - PER - Map Change","Sev 3"
"5377-13571686","SILICON LABORATORIES INC","S - PER - Map Change","Sev 3"
"5377-13571706","Micron Technology Inc","S - PER - New Map","Sev 4"
"5377-13571706","Micron Technology Inc","S - PER - New Map","Sev 4"
"5377-13571706","Micron Technology Inc","S - PER - New Map","Sev 4"
"5377-13571756","RS Components UK","S - PER - New Map","Sev 4"
"5377-13571756","RS Components UK","S - PER - New Map","Sev 4"
"5377-13571756","RS Components UK","S - PER - New Map","Sev 4"
"5377-13571769","RS Components UK","S - PER - New Map","Sev 4"
"5377-13571769","RS Components UK","S - PER - New Map","Sev 4"
"5377-13571769","RS Components UK","S - PER - New Map","Sev 4"
"5377-13571790","Shepherd Neame","S - Map Change","Sev 3"
"5377-13571790","Shepherd Neame","S - Map Change","Sev 3"
"5377-13571790","Shepherd Neame","S - Map Change","Sev 3"
"5377-13571790","Shepherd Neame","S - Map Change","Sev 3"
"5377-13571790","Shepherd Neame","S - Map Change","Sev 3"
"5377-13572058","SILICON LABORATORIES INC","S - Map Change","Sev 3"
"5377-13572058","SILICON LABORATORIES INC","S - Map Change","Sev 3"
"5377-13572058","SILICON LABORATORIES INC","S - Map Change","Sev 3"
"5377-13572058","SILICON LABORATORIES INC","S - Map Change","Sev 3"
"5377-13572058","SILICON LABORATORIES INC","S - Map Change","Sev 3"
"5377-13572058","SILICON LABORATORIES INC","S - Map Change","Sev 3"
"5377-13572062","Crocs, Inc.","S - PER - New Map","Sev 4"
"5377-13572087","Crocs, Inc.","S - PER - New Map","Sev 4"
"5377-13572087","Crocs, Inc.","S - PER - New Map","Sev 4"
"5377-13572087","Crocs, Inc.","S - PER - New Map","Sev 4"
"5377-13572087","Crocs, Inc.","S - PER - New Map","Sev 4"
"5377-13572087","Crocs, Inc.","S - PER - New Map","Sev 4"
"5377-13572092","Crocs, Inc.","S - PER - New Map","Sev 4"
"5377-13572097","Crocs, Inc.","S - PER - New Map","Sev 4"
"5377-13572097","Crocs, Inc.","S - PER - New Map","Sev 4"
"5377-13572097","Crocs, Inc.","S - PER - New Map","Sev 4"
"5377-13572097","Crocs, Inc.","S - PER - New Map","Sev 4"
"5377-13572097","Crocs, Inc.","S - PER - New Map","Sev 4"
"5377-13572104","Crocs, Inc.","S - PER - New Map","Sev 4"
"5377-13572104","Crocs, Inc.","S - PER - New Map","Sev 4"
"5377-13572104","Crocs, Inc.","S - PER - New Map","Sev 4"
"5377-13572104","Crocs, Inc.","S - PER - New Map","Sev 4"
"5377-13572104","Crocs, Inc.","S - PER - New Map","Sev 4"
"5377-13572131","Sigma-Aldrich Corporation","S - Map Change","Sev 3"
"5377-13572131","Sigma-Aldrich Corporation","S - Map Change","Sev 3"
"5377-13572131","Sigma-Aldrich Corporation","S - Map Change","Sev 3"
"5377-13572131","Sigma-Aldrich Corporation","S - Map Change","Sev 3"
"5377-13572212","Russell A Farrow Limited","S - Map Research","Sev 3"
"5377-13572212","Russell A Farrow Limited","S - Map Research","Sev 3"
"5377-13572212","Russell A Farrow Limited","S - Map Research","Sev 3"
"5377-13572212","Russell A Farrow Limited","S - Map Research","Sev 3"
"5377-13572272","A. O. Smith Water Product Company","S - Map Change","Sev 3"
"5377-13572272","A. O. Smith Water Product Company","S - Map Change","Sev 3"
"5377-13572272","A. O. Smith Water Product Company","S - Map Change","Sev 3"
"5377-13572272","A. O. Smith Water Product Company","S - Map Change","Sev 3"
"5377-13572357","Church & Dwight Co., Inc.","S - Map Research","Sev 3"
"5377-13572357","Church & Dwight Co., Inc.","S - Map Research","Sev 3"
"5377-13572357","Church & Dwight Co., Inc.","S - Map Research","Sev 3"
"5377-13572357","Church & Dwight Co., Inc.","S - Map Research","Sev 3"
"5377-13572357","Church & Dwight Co., Inc.","S - Map Research","Sev 3"
"5377-13572426","CEVA Logistics US, Inc.","S - Map Research","Sev 3"
"5377-13572426","CEVA Logistics US, Inc.","S - Map Research","Sev 3"
"5377-13572426","CEVA Logistics US, Inc.","S - Map Research","Sev 3"
"5377-13572426","CEVA Logistics US, Inc.","S - Map Research","Sev 3"
"5377-13572522","Whirlpool Corporation","S - Map Change","Sev 3"
"5377-13572522","Whirlpool Corporation","S - Map Change","Sev 3"
"5377-13572522","Whirlpool Corporation","S - Map Change","Sev 3"
"5377-13572522","Whirlpool Corporation","S - Map Change","Sev 3"
"5377-13572528","Puffer Sweiven","S - Map Research","Sev 2"
"5377-13572528","Puffer Sweiven","S - Map Research","Sev 2"
"5377-13572528","Puffer Sweiven","S - Map Research","Sev 2"
"5377-13572579","Pacific Cycle Inc","S - Map Change","Sev 3"
"5377-13572579","Pacific Cycle Inc","S - Map Change","Sev 3"
"5377-13572579","Pacific Cycle Inc","S - Map Change","Sev 3"
"5377-13572579","Pacific Cycle Inc","S - Map Change","Sev 3"
"5377-13572579","Pacific Cycle Inc","S - Map Change","Sev 3"
"5377-13572579","Pacific Cycle Inc","S - Map Change","Sev 3"
"5377-13572579","Pacific Cycle Inc","S - Map Change","Sev 3"
"5377-13572579","Pacific Cycle Inc","S - Map Change","Sev 3"
"5377-13572703","Sigma-Aldrich Corporation","S - Map Change","Sev 3"
"5377-13572703","Sigma-Aldrich Corporation","S - Map Change","Sev 3"
"5377-13572703","Sigma-Aldrich Corporation","S - Map Change","Sev 3"
"5377-13572703","Sigma-Aldrich Corporation","S - Map Change","Sev 3"
"5377-13572706","BRADY CORPORATION","S - Map Change","Sev 3"
"5377-13572706","BRADY CORPORATION","S - Map Change","Sev 3"
"5377-13572706","BRADY CORPORATION","S - Map Change","Sev 3"
"5377-13572706","BRADY CORPORATION","S - Map Change","Sev 3"
"5377-13572706","BRADY CORPORATION","S - Map Change","Sev 3"
"5377-13572706","BRADY CORPORATION","S - Map Change","Sev 3"
"5377-13572706","BRADY CORPORATION","S - Map Change","Sev 3"
"5377-13572706","BRADY CORPORATION","S - Map Change","Sev 3"
"5377-13572706","BRADY CORPORATION","S - Map Change","Sev 3"
"5377-13572706","BRADY CORPORATION","S - Map Change","Sev 3"
"5377-13572706","BRADY CORPORATION","S - Map Change","Sev 3"
"5377-13572805","Kraft Foods, Inc.+4970542","S - Map Change","Sev 3"
"5377-13572805","Kraft Foods, Inc.+4970542","S - Map Change","Sev 3"
"5377-13572805","Kraft Foods, Inc.+4970542","S - Map Change","Sev 3"
"5377-13572805","Kraft Foods, Inc.+4970542","S - Map Change","Sev 3"
"5377-13572805","Kraft Foods, Inc.+4970542","S - Map Change","Sev 3"
"5377-13572805","Kraft Foods, Inc.+4970542","S - Map Change","Sev 3"
"5377-13572863","CEVA Logistics US, Inc.","S - Map Research","Sev 3"
"5377-13572863","CEVA Logistics US, Inc.","S - Map Research","Sev 3"
"5377-13572863","CEVA Logistics US, Inc.","S - Map Research","Sev 3"
"5377-13572863","CEVA Logistics US, Inc.","S - Map Research","Sev 3"
"5377-13572863","CEVA Logistics US, Inc.","S - Map Research","Sev 3"
"5377-13573024","CEVA Logistics US, Inc.","S - Map Research","Sev 3"
"5377-13573024","CEVA Logistics US, Inc.","S - Map Research","Sev 3"
"5377-13573024","CEVA Logistics US, Inc.","S - Map Research","Sev 3"
"5377-13573024","CEVA Logistics US, Inc.","S - Map Research","Sev 3"
"5377-13573024","CEVA Logistics US, Inc.","S - Map Research","Sev 3"
"5377-13573049","LENOVO (UNITED STATES) INC.","S - Map Research","Sev 3"
"5377-13573049","LENOVO (UNITED STATES) INC.","S - Map Research","Sev 3"
"5377-13573049","LENOVO (UNITED STATES) INC.","S - Map Research","Sev 3"
"5377-13573049","LENOVO (UNITED STATES) INC.","S - Map Research","Sev 3"
"5377-13573860","CEVA Logistics US, Inc.","S - Map Research","Sev 3"
"5377-13573860","CEVA Logistics US, Inc.","S - Map Research","Sev 3"
"5377-13573860","CEVA Logistics US, Inc.","S - Map Research","Sev 3"
"5377-13573860","CEVA Logistics US, Inc.","S - Map Research","Sev 3"
"5377-13574246","RS Components UK","S - Map Research","Sev 3"
"5377-13574246","RS Components UK","S - Map Research","Sev 3"
"5377-13574246","RS Components UK","S - Map Research","Sev 3"
"5377-13574246","RS Components UK","S - Map Research","Sev 3"
"5377-13574246","RS Components UK","S - Map Research","Sev 3"
"5377-13574693","Kraft Foods, Inc.+4970542","S - Map Research","Sev 3"
"5377-13574693","Kraft Foods, Inc.+4970542","S - Map Research","Sev 3"
"5377-13574693","Kraft Foods, Inc.+4970542","S - Map Research","Sev 3"
"5377-13574693","Kraft Foods, Inc.+4970542","S - Map Research","Sev 3"
"5377-13574693","Kraft Foods, Inc.+4970542","S - Map Research","Sev 3"
"5377-13574693","Kraft Foods, Inc.+4970542","S - Map Research","Sev 3"
"5377-13575185","PEG PEREGO U.S.A., INC.","S - Map Research","Sev 3"
"5377-13575185","PEG PEREGO U.S.A., INC.","S - Map Research","Sev 3"
"5377-13575291","Micron Technology Inc","S - Map Change","Sev 3"
"5377-13575291","Micron Technology Inc","S - Map Change","Sev 3"
"5377-13575291","Micron Technology Inc","S - Map Change","Sev 3"
"5377-13575291","Micron Technology Inc","S - Map Change","Sev 3"
"5377-13575291","Micron Technology Inc","S - Map Change","Sev 3"
"5377-13575291","Micron Technology Inc","S - Map Change","Sev 3"
"5377-13575291","Micron Technology Inc","S - Map Change","Sev 3"
"5377-13575352","Unipath Ltd trading as Alere International","S - Map Research","Sev 2"
"5377-13575352","Unipath Ltd trading as Alere International","S - Map Research","Sev 2"
"5377-13575352","Unipath Ltd trading as Alere International","S - Map Research","Sev 2"
"5377-13575352","Unipath Ltd trading as Alere International","S - Map Research","Sev 2"
"5377-13575384","Elkay Manufacturing Company Inc","S - Map Change","Sev 3"
"5377-13575384","Elkay Manufacturing Company Inc","S - Map Change","Sev 3"
"5377-13575384","Elkay Manufacturing Company Inc","S - Map Change","Sev 3"
"5377-13575384","Elkay Manufacturing Company Inc","S - Map Change","Sev 3"
"5377-13575384","Elkay Manufacturing Company Inc","S - Map Change","Sev 3"
"5377-13575384","Elkay Manufacturing Company Inc","S - Map Change","Sev 3"
"5377-13575384","Elkay Manufacturing Company Inc","S - Map Change","Sev 3"
"5377-13575468","Hitachi Metals America, Limited","S - Map Change","Sev 3"
"5377-13575468","Hitachi Metals America, Limited","S - Map Change","Sev 3"
"5377-13575468","Hitachi Metals America, Limited","S - Map Change","Sev 3"
"5377-13575468","Hitachi Metals America, Limited","S - Map Change","Sev 3"
"5377-13575468","Hitachi Metals America, Limited","S - Map Change","Sev 3"
"5377-13575468","Hitachi Metals America, Limited","S - Map Change","Sev 3"
"5377-13575468","Hitachi Metals America, Limited","S - Map Change","Sev 3"
"5377-13575468","Hitachi Metals America, Limited","S - Map Change","Sev 3"
"5377-13575468","Hitachi Metals America, Limited","S - Map Change","Sev 3"
"5377-13575468","Hitachi Metals America, Limited","S - Map Change","Sev 3"
"5377-13575542","VF Services Inc","S - Map Change","Sev 3"
"5377-13575542","VF Services Inc","S - Map Change","Sev 3"
"5377-13575542","VF Services Inc","S - Map Change","Sev 3"
"5377-13575542","VF Services Inc","S - Map Change","Sev 3"
"5377-13575598","Cinram UK Ltd.","S - Map Change","Sev 3"
"5377-13575598","Cinram UK Ltd.","S - Map Change","Sev 3"
"5377-13575598","Cinram UK Ltd.","S - Map Change","Sev 3"
"5377-13575598","Cinram UK Ltd.","S - Map Change","Sev 3"
"5377-13575598","Cinram UK Ltd.","S - Map Change","Sev 3"
"5377-13575691","Whirlpool Corporation","S - Map Change","Sev 3"
"5377-13575691","Whirlpool Corporation","S - Map Change","Sev 3"
"5377-13575691","Whirlpool Corporation","S - Map Change","Sev 3"
"5377-13575691","Whirlpool Corporation","S - Map Change","Sev 3"
"5377-13575691","Whirlpool Corporation","S - Map Change","Sev 3"
"5377-13575691","Whirlpool Corporation","S - Map Change","Sev 3"
"5377-13575691","Whirlpool Corporation","S - Map Change","Sev 3"
"5377-13575691","Whirlpool Corporation","S - Map Change","Sev 3"
"5377-13575802","SmartHealth Inc","S - Mapping Request","Sev 3"
"5377-13576047","Leggett & Platt Incorporated","S - Map Change","Sev 3"
"5377-13576047","Leggett & Platt Incorporated","S - Map Change","Sev 3"
"5377-13576047","Leggett & Platt Incorporated","S - Map Change","Sev 3"
"5377-13576047","Leggett & Platt Incorporated","S - Map Change","Sev 3"
"5377-13576066","US Xpress Enterprises, Inc.","S - Map Change","Sev 3"
"5377-13576066","US Xpress Enterprises, Inc.","S - Map Change","Sev 3"
"5377-13576066","US Xpress Enterprises, Inc.","S - Map Change","Sev 3"
"5377-13576066","US Xpress Enterprises, Inc.","S - Map Change","Sev 3"
"5377-13576117","Leggett & Platt Incorporated","S - Map Change","Sev 2"
"5377-13576117","Leggett & Platt Incorporated","S - Map Change","Sev 2"
"5377-13576117","Leggett & Platt Incorporated","S - Map Change","Sev 2"
"5377-13576347","Church & Dwight Co., Inc.","S - Map Change","Sev 3"
"5377-13576347","Church & Dwight Co., Inc.","S - Map Change","Sev 3"
"5377-13576347","Church & Dwight Co., Inc.","S - Map Change","Sev 3"
"5377-13576347","Church & Dwight Co., Inc.","S - Map Change","Sev 3"
"5377-13576463","Mueller Sports Medicine Inc","S - Map Change","Sev 3"
"5377-13576463","Mueller Sports Medicine Inc","S - Map Change","Sev 3"
"5377-13576463","Mueller Sports Medicine Inc","S - Map Change","Sev 3"
"5377-13576463","Mueller Sports Medicine Inc","S - Map Change","Sev 3"
"5377-13576682","Animal Supply Company","S - PER - New TP","Sev 4"
"5377-13576682","Animal Supply Company","S - PER - New TP","Sev 4"
"5377-13576714","CEVA Logistics US, Inc.","S - PER - New Map","Sev 3"
"5377-13576714","CEVA Logistics US, Inc.","S - PER - New Map","Sev 3"
"5377-13576714","CEVA Logistics US, Inc.","S - PER - New Map","Sev 3"
"5377-13576714","CEVA Logistics US, Inc.","S - PER - New Map","Sev 3"
"5377-13576830","Whirlpool Corporation","S - Map Change","Sev 3"
"5377-13576830","Whirlpool Corporation","S - Map Change","Sev 3"
"5377-13576830","Whirlpool Corporation","S - Map Change","Sev 3"
"5377-13576830","Whirlpool Corporation","S - Map Change","Sev 3"
"5377-13576830","Whirlpool Corporation","S - Map Change","Sev 3"
"5377-13577108","CEVA Logistics US, Inc.","S - PER - New Map","Sev 3"
"5377-13577108","CEVA Logistics US, Inc.","S - PER - New Map","Sev 3"
"5377-13577108","CEVA Logistics US, Inc.","S - PER - New Map","Sev 3"
"5377-13577108","CEVA Logistics US, Inc.","S - PER - New Map","Sev 3"
"5377-13577108","CEVA Logistics US, Inc.","S - PER - New Map","Sev 3"
"5377-13577252","Petco Animal Supplies Stores, Inc.","S - Map Research","Sev 3"
"5377-13577252","Petco Animal Supplies Stores, Inc.","S - Map Research","Sev 3"
"5377-13577252","Petco Animal Supplies Stores, Inc.","S - Map Research","Sev 3"
"5377-13577252","Petco Animal Supplies Stores, Inc.","S - Map Research","Sev 3"
"5377-13577252","Petco Animal Supplies Stores, Inc.","S - Map Research","Sev 3"
"5377-13577252","Petco Animal Supplies Stores, Inc.","S - Map Research","Sev 3"
"5377-13577383","ArvinMeritor Inc (MI)","S - Map Research","Sev 2"
"5377-13577383","ArvinMeritor Inc (MI)","S - Map Research","Sev 2"
"5377-13577383","ArvinMeritor Inc (MI)","S - Map Research","Sev 2"
"5377-13577383","ArvinMeritor Inc (MI)","S - Map Research","Sev 2"
"5377-13577383","ArvinMeritor Inc (MI)","S - Map Research","Sev 2"
"5377-13577429","CEVA Logistics US, Inc.","S - PER - New Map","Sev 4"
"5377-13577429","CEVA Logistics US, Inc.","S - PER - New Map","Sev 4"
"5377-13577697","Whirlpool Corporation","S - Map Research","Sev 2"
"5377-13577697","Whirlpool Corporation","S - Map Research","Sev 2"
"5377-13577697","Whirlpool Corporation","S - Map Research","Sev 2"
"5377-13577697","Whirlpool Corporation","S - Map Research","Sev 2"
"5377-13577711","BRADY CORPORATION","S - PER - New Map","Sev 4"
"5377-13577711","BRADY CORPORATION","S - PER - New Map","Sev 4"
"5377-13577730","BRADY CORPORATION","S - PER - New Map","Sev 4"
"5377-13577730","BRADY CORPORATION","S - PER - New Map","Sev 4"
"5377-13577734","Allstate Insurance Company","S - Map Research","Sev 3"
"5377-13577734","Allstate Insurance Company","S - Map Research","Sev 3"
"5377-13577734","Allstate Insurance Company","S - Map Research","Sev 3"
"5377-13577734","Allstate Insurance Company","S - Map Research","Sev 3"
"5377-13577752","BRADY CORPORATION","S - PER - New Map","Sev 4"
"5377-13577752","BRADY CORPORATION","S - PER - New Map","Sev 4"
"5377-13577752","BRADY CORPORATION","S - PER - New Map","Sev 4"
"5377-13577809","Philips Electronics North America Corp acting thru its div PDAP","S - Map Research","Sev 2"
"5377-13577809","Philips Electronics North America Corp acting thru its div PDAP","S - Map Research","Sev 2"
"5377-13577809","Philips Electronics North America Corp acting thru its div PDAP","S - Map Research","Sev 2"
"5377-13577809","Philips Electronics North America Corp acting thru its div PDAP","S - Map Research","Sev 2"
"5377-13577908","CEVA Logistics US, Inc.","S - Map Research","Sev 3"
"5377-13577908","CEVA Logistics US, Inc.","S - Map Research","Sev 3"
"5377-13577908","CEVA Logistics US, Inc.","S - Map Research","Sev 3"
"5377-13577908","CEVA Logistics US, Inc.","S - Map Research","Sev 3"
"5377-13577935","BRADY CORPORATION","S - Map Change","Sev 3"
"5377-13577935","BRADY CORPORATION","S - Map Change","Sev 3"
"5377-13577935","BRADY CORPORATION","S - Map Change","Sev 3"
"5377-13577935","BRADY CORPORATION","S - Map Change","Sev 3"
"5377-13577947","Allstate Insurance Company","S - Map Research","Sev 3"
"5377-13577947","Allstate Insurance Company","S - Map Research","Sev 3"
"5377-13577947","Allstate Insurance Company","S - Map Research","Sev 3"
"5377-13577947","Allstate Insurance Company","S - Map Research","Sev 3"
"5377-13577962","BBU, INC","S - Map Research","Sev 3"
"5377-13577962","BBU, INC","S - Map Research","Sev 3"
"5377-13577962","BBU, INC","S - Map Research","Sev 3"
"5377-13577962","BBU, INC","S - Map Research","Sev 3"
"5377-13577998","CEVA Logistics US, Inc.","S - Map Research","Sev 3"
"5377-13577998","CEVA Logistics US, Inc.","S - Map Research","Sev 3"
"5377-13577998","CEVA Logistics US, Inc.","S - Map Research","Sev 3"
"5377-13577998","CEVA Logistics US, Inc.","S - Map Research","Sev 3"
"5377-13578016","US Xpress Enterprises, Inc.","S - Map Research","Sev 3"
"5377-13578046","ATALANTA CORP","S - Mapping Request","Sev 2"
"5377-13578046","ATALANTA CORP","S - Mapping Request","Sev 2"
"5377-13578046","ATALANTA CORP","S - Mapping Request","Sev 2"
"5377-13578046","ATALANTA CORP","S - Mapping Request","Sev 2"
"5377-13578046","ATALANTA CORP","S - Mapping Request","Sev 2"
"5377-13578046","ATALANTA CORP","S - Mapping Request","Sev 2"
"5377-13578191","New Era Cap Co., Inc.","S - Map Change","Sev 3"
"5377-13578191","New Era Cap Co., Inc.","S - Map Change","Sev 3"
"5377-13578191","New Era Cap Co., Inc.","S - Map Change","Sev 3"
"5377-13578191","New Era Cap Co., Inc.","S - Map Change","Sev 3"
"5377-13578550","Upstate Milk Cooperatives Inc","S - Mapping Request","Sev 2"
"5377-13578550","Upstate Milk Cooperatives Inc","S - Mapping Request","Sev 2"
"5377-13578550","Upstate Milk Cooperatives Inc","S - Mapping Request","Sev 2"
"5377-13578550","Upstate Milk Cooperatives Inc","S - Mapping Request","Sev 2"
"5377-13578550","Upstate Milk Cooperatives Inc","S - Mapping Request","Sev 2"
"5377-13578550","Upstate Milk Cooperatives Inc","S - Mapping Request","Sev 2"
"5377-13578550","Upstate Milk Cooperatives Inc","S - Mapping Request","Sev 2"
"5377-13578773","Hilti Inc","S - Map Research","Sev 3"
"5377-13578773","Hilti Inc","S - Map Research","Sev 3"
"5377-13578802","Master Lock Company","S - Map Change","Sev 3"
"5377-13578825","ALLIED ELECTRONICS, INC","S - Map Change","Sev 3"
"5377-13578825","ALLIED ELECTRONICS, INC","S - Map Change","Sev 3"
"5377-13578825","ALLIED ELECTRONICS, INC","S - Map Change","Sev 3"
"5377-13578825","ALLIED ELECTRONICS, INC","S - Map Change","Sev 3"
"5377-13578826","LENOVO (UNITED STATES) INC.","S - Map Research","Sev 3"
"5377-13578826","LENOVO (UNITED STATES) INC.","S - Map Research","Sev 3"
"5377-13578826","LENOVO (UNITED STATES) INC.","S - Map Research","Sev 3"
"5377-13578826","LENOVO (UNITED STATES) INC.","S - Map Research","Sev 3"
"5377-13578826","LENOVO (UNITED STATES) INC.","S - Map Research","Sev 3"
"5377-13578929","Saint-Gobain Technical Fabrics, Inc.","S - Map Change","Sev 3"
"5377-13578933","US Xpress Enterprises, Inc.","S - Map Change","Sev 3"
"5377-13579062","Vizio Inc.","S - Info/Question/How To","Sev 3"
"5377-13579062","Vizio Inc.","S - Info/Question/How To","Sev 3"
"5377-13579092","New Era Cap Co., Inc.","S - Map Research","Sev 3"
"5377-13579092","New Era Cap Co., Inc.","S - Map Research","Sev 3"
"5377-13579092","New Era Cap Co., Inc.","S - Map Research","Sev 3"
"5377-13579092","New Era Cap Co., Inc.","S - Map Research","Sev 3"
"5377-13579092","New Era Cap Co., Inc.","S - Map Research","Sev 3"
"5377-13579101","New Era Cap Co., Inc.","S - Map Research","Sev 3"
"5377-13579101","New Era Cap Co., Inc.","S - Map Research","Sev 3"
"5377-13579101","New Era Cap Co., Inc.","S - Map Research","Sev 3"
"5377-13579275","Petco Animal Supplies Stores, Inc.","S - PER - New Map","Sev 4"
"5377-13579275","Petco Animal Supplies Stores, Inc.","S - PER - New Map","Sev 4"
"5377-13579978","Micron Technology Inc","S - Map Change","Sev 3"
"5377-13580396","Elkay Manufacturing Company Inc","S - Map Change","Sev 3"
"5377-13580410","Andersen Corporation","S - Map Research","Sev 3"
"5377-13580410","Andersen Corporation","S - Map Research","Sev 3"
"5377-13580410","Andersen Corporation","S - Map Research","Sev 3"
"5377-13580410","Andersen Corporation","S - Map Research","Sev 3"
"5377-13580410","Andersen Corporation","S - Map Research","Sev 3"
"5377-13580723","PEG PEREGO U.S.A., INC.","S - PER - New Map","Sev 4"
"5377-13580969","Schneider Enterprise Resources, LLC","S - Map Change","Sev 3"
"5377-13580969","Schneider Enterprise Resources, LLC","S - Map Change","Sev 3"
"5377-13580998","Helix Medical","S - Map Research","Sev 4"
"5377-13580998","Helix Medical","S - Map Research","Sev 4"
"5377-13581032","Micron Technology Inc","S - PER - Map Change","Sev 3"
"5377-13581032","Micron Technology Inc","S - PER - Map Change","Sev 3"
"5377-13581172","Stanley Black & Decker, Inc","S - PER - New Map","Sev 4"
"5377-13581182","ArvinMeritor Inc (MI)","S - Map Research","Sev 3"
"5377-13581244","Leggett & Platt Incorporated","S - Map Change","Sev 3"
"5377-13581244","Leggett & Platt Incorporated","S - Map Change","Sev 3"
"5377-13581330","Hub Group, Inc.","S - Map Change","Sev 3"
"5377-13581334","BRADY CORPORATION","S - Map Change","Sev 3"
"5377-13581336","Sterling Commerce, Inc. - Single Sign On","S - PER - Map Change","Sev 3"
"5377-13581448","BRADY CORPORATION","S - Map Change","Sev 3"
"5377-13581598","Russell A Farrow Limited","S - Map Research","Sev 3"
"5377-13581598","Russell A Farrow Limited","S - Map Research","Sev 3"
"5377-13581598","Russell A Farrow Limited","S - Map Research","Sev 3"
"5377-13581598","Russell A Farrow Limited","S - Map Research","Sev 3"
"5377-13581644","Graham Packaging Company","S - PER - New Map","Sev 4"
"5377-13581647","US Xpress Enterprises, Inc.","S - Map Change","Sev 3"
"5377-13581693","LENOVO (UNITED STATES) INC.","S - Map Research","Sev 3"
"5377-13581702","VF Services Inc","S - Map Research","Sev 3"
"5377-13581738","Thermos Co","S - PER - New Map","Sev 4"
"5377-13581787","PHB Die Casting, Inc.","S - Map Research","Sev 3"
"5377-13581787","PHB Die Casting, Inc.","S - Map Research","Sev 3"
"5377-13581908","Michelin North America Inc.","S - Map Research","Sev 3"
"5377-13581908","Michelin North America Inc.","S - Map Research","Sev 3"
"5377-13582239","Kennametal Inc","S - PER - New Map","Sev 4"
